sn,spp,mrca1,mrca2,position,source,,,
001,Aedes_Abraedes_papago,Opifex_Opifex_fuscus,Aedes_Ochlerotatus_procax,0,genbank,,0,"Add taxa by node, to the same node"
002,Aedes_Acartomyia_mariae,Aedes_Acartomyia_phoeniciae,,4,S2017,,1,"Add taxa by node, 1 level up"
003,Aedes_Acartomyia_phoeniciae,,,keep,S2017,,2,Add taxa by tip (S2023)
004,Aedes_Acartomyia_zammitii,Aedes_Acartomyia_phoeniciae,,4,S2017,,3,Add taxa by tip (genbank)
005,Aedes_Aedes_cinereus,,,keep,S2017,,4,Add taxa by tip (S2017)
006,Aedes_Aedes_esoensis,,,keep,S2017,,,
007,Aedes_Aedes_geminus,,,keep,S2017,,,
008,Aedes_Aedes_rossicus,,,keep,S2017,,,
009,Aedes_Aedes_yamadai,,,keep,S2017,,,
010,Aedes_Aedimorphus_alboventralis,Aedes_Aedimorphus_centropunctatus,,3,genbank,,,
011,Aedes_Aedimorphus_centropunctatus,,,keep,S2017,,,
012,Aedes_Aedimorphus_cumminsii,Aedes_Aedimorphus_centropunctatus,,4,S2017,,,
013,Aedes_Aedimorphus_dalzieli,Aedes_Aedimorphus_centropunctatus,,4,S2017,,,
014,Aedes_Aedimorphus_dentatus,Aedes_Aedimorphus_centropunctatus,,4,S2017,,,
015,Aedes_Aedimorphus_durbanensis,Aedes_Aedimorphus_centropunctatus,,3,genbank,,,
016,Aedes_Aedimorphus_eritreae,Aedes_Aedimorphus_centropunctatus,,3,genbank,,,
017,Aedes_Aedimorphus_fowleri,Aedes_Aedimorphus_centropunctatus,,4,S2017,,,
018,Aedes_Aedimorphus_hirsutus,Aedes_Aedimorphus_centropunctatus,,4,S2017,,,
019,Aedes_Aedimorphus_mediolineatus,Aedes_Aedimorphus_centropunctatus,,4,S2017,,,
020,Aedes_Aedimorphus_nigricephalus,Aedes_Aedimorphus_centropunctatus,,3,genbank,,,
021,Aedes_Aedimorphus_ochraceus,Aedes_Aedimorphus_centropunctatus,,4,S2017,,,
022,Aedes_Aedimorphus_pachyurus,Aedes_Aedimorphus_centropunctatus,,3,genbank,,,
023,Aedes_Aedimorphus_pallidostriatus,Aedes_Aedimorphus_centropunctatus,,4,S2017,,,
024,Aedes_Aedimorphus_quasiunivittatus,Aedes_Aedimorphus_centropunctatus,,3,genbank,,,
025,Aedes_Aedimorphus_vexans,Aedes_Aedimorphus_centropunctatus,,4,S2017,,,
026,Aedes_Albuginosus_capensis,Aedes_Aedimorphus_vexans,Zeugnomyia_0_gracilis,0,genbank,,,
027,Aedes_Albuginosus_haworthi,Aedes_Albuginosus_capensis,,3,genbank,,,
028,Aedes_Aztecaedes_ramirezi,Opifex_Opifex_fuscus,Aedes_Ochlerotatus_procax,0,genbank,,,
029,Aedes_Borichinda_cavernicola,,,keep,S2017,,,
030,Aedes_Bothaella_helenae,Aedes_Bothaella_kleini,,4,S2017,,,
031,Aedes_Bothaella_kleini,,,keep,S2017,,,
032,Aedes_Bothaella_manhi,Aedes_Bothaella_kleini,,4,S2017,,,
033,Aedes_Bruceharrisonius_aureostriatus,,,keep,S2017,,,
034,Aedes_Bruceharrisonius_greenii,,,keep,S2017,,,
035,Aedes_Catageiomyia_argenteopunctatus,Aedes_Aedimorphus_centropunctatus,,4,S2017,,,
036,Aedes_Catageiomyia_microstictus,Aedes_Aedimorphus_centropunctatus,Aedes_Catageiomyia_argenteopunctatus,3,genbank,,,
037,Aedes_Catageiomyia_tarsalis,Aedes_Aedimorphus_centropunctatus,,4,S2017,,,
038,Aedes_Collessius_elsiae,,,keep,S2017,,,
039,Aedes_Collessius_hatorii,Aedes_Collessius_elsiae,,4,S2017,,,
040,Aedes_Collessius_macfarlanei,Aedes_Collessius_tonkinensis,Aedes_Collessius_pseudotaeniatus,0,genbank,,,
041,Aedes_Collessius_pseudotaeniatus,Aedes_Collessius_elsiae,,4,S2017,,,
042,Aedes_Collessius_tonkinensis,Aedes_Collessius_elsiae,,4,S2017,,,
043,Aedes_Cornetius_cozi,,,keep,S2017,,,
044,Aedes_Dahliana_echinus,Aedes_Dahliana_geniculatus,,3,genbank,,,
045,Aedes_Dahliana_geniculatus,,,keep,S2017,,,
046,Aedes_Danielsia_albotaeniatus,,,keep,S2017,,,
047,Aedes_Diceromyia_furcifer,,,keep,S2017,,,
048,Aedes_Diceromyia_taylori,,,keep,S2017,,,
049,Aedes_Dobrotworskyius_alboannulatus,,,keep,S2017,,,
050,Aedes_Dobrotworskyius_rubrithorax,,,keep,S2017,,,
051,Aedes_Dobrotworskyius_rupestris,Aedes_Dobrotworskyius_rubrithorax,Aedes_Dobrotworskyius_alboannulatus,0,S2023,,,
052,Aedes_Dobrotworskyius_subbasalis,Aedes_Dobrotworskyius_rubrithorax,Aedes_Dobrotworskyius_alboannulatus,0,S2023,,,
053,Aedes_Downsiomyia_albolateralis,,,keep,S2017,,,
054,Aedes_Downsiomyia_ganapathi,Aedes_Downsiomyia_niveoides,Aedes_Downsiomyia_novoniveus,0,genbank,,,
055,Aedes_Downsiomyia_nipponicus,,,keep,S2017,,,
056,Aedes_Downsiomyia_nishikawai,,,keep,S2017,,,
057,Aedes_Downsiomyia_niveoides,,,keep,S2017,,,
058,Aedes_Downsiomyia_niveus,Aedes_Downsiomyia_niveoides,Aedes_Downsiomyia_novoniveus,0,genbank,,,
059,Aedes_Downsiomyia_novoniveus,,,keep,S2017,,,
060,Aedes_Downsiomyia_omorii,,,keep,S2017,,,
061,Aedes_Downsiomyia_pexus,Aedes_Downsiomyia_niveoides,Aedes_Downsiomyia_novoniveus,0,genbank,,,
062,Aedes_Downsiomyia_pseudoniveus,Aedes_Downsiomyia_niveoides,Aedes_Downsiomyia_novoniveus,0,genbank,,,
063,Aedes_Downsiomyia_subniveus,Aedes_Downsiomyia_niveoides,Aedes_Downsiomyia_novoniveus,0,genbank,,,
064,Aedes_Edwardsaedes_bekkui,,,keep,S2017,,,
065,Aedes_Finlaya_kochi,Aedes_MucidusMucidus_sudanensis,Aedes_MucidusMucidus_alternans,1,S2023,,,
066,Aedes_Finlaya_poicilius,Aedes_Finlaya_kochi,,3,genbank,,,
067,Aedes_Fredwardsius_vittatus,,,keep,S2017,,,
068,Aedes_Georgecraigius_atropalpus,,,keep,S2017,,,
069,Aedes_Georgecraigius_epactius,Aedes_Georgecraigius_atropalpus,,4,S2017,,,
070,Aedes_Georgecraigius_fluviatilis,Aedes_Georgecraigius_atropalpus,,4,S2017,,,
071,Aedes_Geoskusea_baisasi,,,keep,S2017,,,
072,Aedes_Gymnometopa_mediovittatus,,,keep,S2017,,,
073,Aedes_Halaedes_ashworthi,,,keep,S2017,,,
074,Aedes_Halaedes_australis,,,keep,S2017,,,
075,Aedes_Halaedes_wardangensis,,,keep,S2017,,,
076,Aedes_Himalaius_gilli,,,keep,S2017,,,
077,Aedes_Howardina_fulvithorax,,,keep,S2017,,,
078,Aedes_Howardina_bahamensis,Aedes_Howardina_fulvithorax,,4,S2017,,,
079,Aedes_Howardina_allotecnon,Aedes_Howardina_fulvithorax,,3,genbank,,,
080,Aedes_Howardina_arborealis,Aedes_Howardina_fulvithorax,,3,genbank,,,
081,Aedes_Howardina_busckii,Aedes_Howardina_fulvithorax,,3,genbank,,,
082,Aedes_Howardina_cozumelensis,Aedes_Howardina_fulvithorax,,3,genbank,,,
083,Aedes_Howardina_guatemala,Aedes_Howardina_fulvithorax,,3,genbank,,,
084,Aedes_Howardina_guerrero,Aedes_Howardina_fulvithorax,,3,genbank,,,
085,Aedes_Howardina_lorraineae,Aedes_Howardina_fulvithorax,,3,genbank,,,
086,Aedes_Howardina_quadrivittatus,Aedes_Howardina_fulvithorax,,3,genbank,,,
087,Aedes_Howardina_spinosus,Aedes_Howardina_fulvithorax,,3,genbank,,,
088,Aedes_Hulecoeteomyia_bhutanensis,Aedes_Hulecoeteomyia_japonicus,Aedes_Hulecoeteomyia_koreicus,0,genbank,,,
089,Aedes_Hulecoeteomyia_chrysolineatus,Aedes_Hulecoeteomyia_koreicus,,4,S2017,,,
090,Aedes_Hulecoeteomyia_fluviatilis2,Aedes_Hulecoeteomyia_japonicus,Aedes_Hulecoeteomyia_koreicus,0,genbank,,,
091,Aedes_Hulecoeteomyia_formosensis,Aedes_Hulecoeteomyia_koreicus,,4,S2017,,,
092,Aedes_Hulecoeteomyia_harveyi,Aedes_Hulecoeteomyia_koreicus,,4,S2017,,,
093,Aedes_Hulecoeteomyia_japonicus,Aedes_Hulecoeteomyia_koreicus,,4,S2017,,,
094,Aedes_Hulecoeteomyia_koreicus,,,keep,S2017,,,
095,Aedes_Jarnellius_deserticola,,,keep,S2017,,,
096,Aedes_Jarnellius_monticola,,,keep,S2017,,,
097,Aedes_Jarnellius_sierrensis,,,keep,S2017,,,
098,Aedes_Jarnellius_varipalpus,,,keep,S2017,,,
099,Aedes_Kenknightia_dissimilis,,,keep,S2017,,,
100,Aedes_Kompia_purpureipes,,,keep,S2017,,,
101,Aedes_Lewnielsenius_muelleri,,,keep,S2017,,,
102,Aedes_Lorrainea_amesii,,,keep,S2017,,,
103,Aedes_Lorrainea_fumidus,,,keep,S2017,,,
104,Aedes_Luius_fengi,,,keep,S2017,,,
105,Aedes_Macleaya_macmillani,,,keep,S2017,,,
106,Aedes_Macleaya_spinosipes,Aedes_Macleaya_tremulus,Aedes_Macleaya_wattensis,0,S2023,,,
107,Aedes_Macleaya_tremulus,,,keep,S2017,,,
108,Aedes_Macleaya_wattensis,,,keep,S2017,,,
109,Aedes_MucidusMucidus_alternans,,,keep,S2017,,,
110,Aedes_MucidusMucidus_scatophagoides,Aedes_MucidusMucidus_sudanensis,Aedes_MucidusMucidus_alternans,0,genbank,,,
111,Aedes_MucidusMucidus_sudanensis,,,keep,S2017,,,
112,Aedes_MucidusPardomyia_aurantius,Opifex_Opifex_fuscus,Aedes_Ochlerotatus_procax,0,genbank,,,
113,Aedes_Neomelaniconion_albiradius,Aedes_Neomelaniconion_mcintoshi,,4,S2017,,,
114,Aedes_Neomelaniconion_aurovenatus,Aedes_Neomelaniconion_lineatopennis,Aedes_Neomelaniconion_mcintoshi,0,genbank,,,
115,Aedes_Neomelaniconion_belleci,Aedes_Neomelaniconion_mcintoshi,,4,S2017,,,
116,Aedes_Neomelaniconion_circumluteolus,Aedes_Neomelaniconion_mcintoshi,,4,S2017,,,
117,Aedes_Neomelaniconion_fontenillei,Aedes_Neomelaniconion_mcintoshi,,4,S2017,,,
118,Aedes_Neomelaniconion_lineatopennis,Aedes_Neomelaniconion_mcintoshi,,4,S2017,,,
119,Aedes_Neomelaniconion_mcintoshi,,,keep,S2017,,,
120,Aedes_Neomelaniconion_nigropterus,Aedes_Neomelaniconion_mcintoshi,,4,S2017,,,
121,Aedes_Neomelaniconion_palpalis,Aedes_Neomelaniconion_mcintoshi,,4,S2017,,,
122,Aedes_Neomelaniconion_sylvaticus,Aedes_Neomelaniconion_mcintoshi,,4,S2017,,,
123,Aedes_Neomelaniconion_unidentatus,Aedes_Neomelaniconion_lineatopennis,Aedes_Neomelaniconion_mcintoshi,0,genbank,,,
124,Aedes_Nyctomyia_pholeocola,,,keep,S2017,,,
125,Aedes_Ochlerotatus_aboriginis,Opifex_Opifex_fuscus,Aedes_Ochlerotatus_procax,0,genbank,,,
126,Aedes_Ochlerotatus_abserratus,,,keep,S2017,,,
127,Aedes_Ochlerotatus_albifasciatus,,,keep,S2017,,,
128,Aedes_Ochlerotatus_aloponotum,,,keep,S2017,,,
129,Aedes_Ochlerotatus_annulipes,,,keep,S2017,,,
130,Aedes_Ochlerotatus_antipodeus,Opifex_Opifex_fuscus,Aedes_Ochlerotatus_procax,0,genbank,,,
131,Aedes_Ochlerotatus_aurifer,,,keep,S2017,,,
132,Aedes_Ochlerotatus_behningi,,,keep,S2017,,,
133,Aedes_Ochlerotatus_berlandi,Opifex_Opifex_fuscus,Aedes_Ochlerotatus_procax,0,genbank,,,
134,Aedes_Ochlerotatus_burpengaryensis,Opifex_Opifex_fuscus,Aedes_Ochlerotatus_procax,0,genbank,,,
135,Aedes_Ochlerotatus_campestris,,,keep,S2017,,,
136,Aedes_Ochlerotatus_camptorhynchus,,,keep,S2017,,,
137,Aedes_Ochlerotatus_cantans,,,keep,S2017,,,
138,Aedes_Ochlerotatus_cantator,,,keep,S2017,,,
139,Aedes_Ochlerotatus_caspius,,,keep,S2017,,,
140,Aedes_Ochlerotatus_cataphylla,,,keep,S2017,,,
141,Aedes_Ochlerotatus_churchillensis,,,keep,S2017,,,
142,Aedes_Ochlerotatus_coluzzii,,,keep,S2017,,,
143,Aedes_Ochlerotatus_communis,,,keep,S2017,,,
144,Aedes_Ochlerotatus_cyprius,,,keep,S2017,,,
145,Aedes_Ochlerotatus_detritus,,,keep,S2017,,,
146,Aedes_Ochlerotatus_dorsalis,,,keep,S2017,,,
147,Aedes_Ochlerotatus_eidsvoldensis,Opifex_Opifex_fuscus,Aedes_Ochlerotatus_procax,0,genbank,,,
148,Aedes_Ochlerotatus_euedes,,,keep,S2017,,,
149,Aedes_Ochlerotatus_euiris,,,keep,S2017,,,
150,Aedes_Ochlerotatus_excrucians,,,keep,S2017,,,
151,Aedes_Ochlerotatus_fitchii,,,keep,S2017,,,
152,Aedes_Ochlerotatus_flavescens,,,keep,S2017,,,
153,Aedes_Ochlerotatus_grossbecki,,,keep,S2017,,,
154,Aedes_Ochlerotatus_hexodontus,,,keep,S2017,,,
155,Aedes_Ochlerotatus_hungaricus,,,keep,S2017,,,
156,Aedes_Ochlerotatus_impiger,,,keep,S2017,,,
157,Aedes_Ochlerotatus_implicatus,,,keep,S2017,,,
158,Aedes_Ochlerotatus_increpitus,,,keep,S2017,,,
159,Aedes_Ochlerotatus_kasachstanicus,,,keep,S2017,,,
160,Aedes_Ochlerotatus_leucomelas,,,keep,S2017,,,
161,Aedes_Ochlerotatus_melanimon,,,keep,S2017,,,
162,Aedes_Ochlerotatus_mercurator,Opifex_Opifex_fuscus,Aedes_Ochlerotatus_procax,0,genbank,,,
163,Aedes_Ochlerotatus_nigrinus,,,keep,S2017,,,
164,Aedes_Ochlerotatus_nigripes,,,keep,S2017,,,
165,Aedes_Ochlerotatus_nigrithorax,Aedes_Ochlerotatus_vittiger,Aedes_Ochlerotatus_sagax,0,S2023,,,
166,Aedes_Ochlerotatus_niphadopsis,,,keep,S2017,,,
167,Aedes_Ochlerotatus_nivalis,Aedes_Ochlerotatus_camptorhynchus,Aedes_Ochlerotatus_hungaricus,0,S2023,,,
168,Aedes_Ochlerotatus_pionips,,,keep,S2017,,,
169,Aedes_Ochlerotatus_procax,,,keep,S2017,,,
170,Aedes_Ochlerotatus_pulcritarsis,,,keep,S2017,,,
171,Aedes_Ochlerotatus_pullatus,,,keep,S2017,,,
172,Aedes_Ochlerotatus_punctodes,Opifex_Opifex_fuscus,Aedes_Ochlerotatus_procax,0,genbank,,,
173,Aedes_Ochlerotatus_punctor,,,keep,S2017,,,
174,Aedes_Ochlerotatus_rempeli,,,keep,S2017,,,
175,Aedes_Ochlerotatus_riparius,,,keep,S2017,,,
176,Aedes_Ochlerotatus_sagax,,,keep,S2017,,,
177,Aedes_Ochlerotatus_sallumae,Opifex_Opifex_fuscus,Aedes_Ochlerotatus_procax,0,genbank,,,
178,Aedes_Ochlerotatus_schizopinax,,,keep,S2017,,,
179,Aedes_Ochlerotatus_silvestris,Aedes_Ochlerotatus_camptorhynchus,Aedes_Ochlerotatus_hungaricus,2,S2023,,,
180,Aedes_Ochlerotatus_spencerii,,,keep,S2017,,,
181,Aedes_Ochlerotatus_squamiger,,,keep,S2017,,,
182,Aedes_Ochlerotatus_sticticus,,,keep,S2017,,,
183,Aedes_Ochlerotatus_stimulans,,,keep,S2017,,,
184,Aedes_Ochlerotatus_subalbirostris,Opifex_Opifex_fuscus,Aedes_Ochlerotatus_procax,0,genbank,,,
185,Aedes_Ochlerotatus_tahoensis,,,keep,S2017,,,
186,Aedes_Ochlerotatus_theobaldi,,,keep,S2017,,,
187,Aedes_Ochlerotatus_thibaulti,,,keep,S2017,,,
188,Aedes_Ochlerotatus_ventrovittis,,,keep,S2017,,,
189,Aedes_Ochlerotatus_vittiger,,,keep,S2017,,,
190,Aedes_Ochlerotatus_washinoi,Aedes_Ochlerotatus_increpitus,Aedes_Ochlerotatus_squamiger,0,S2023,,,
191,Aedes_OchlerotatusChrysoconops_bimaculatus,,,keep,S2017,,,
192,Aedes_OchlerotatusChrysoconops_fulvus,Aedes_OchlerotatusChrysoconops_pallens,Aedes_OchlerotatusChrysoconops_bimaculatus,0,S2023,,,
193,Aedes_OchlerotatusChrysoconops_pallens,,,keep,S2017,,,
194,Aedes_OchlerotatusChrysoconops_stigmaticus,Aedes_OchlerotatusChrysoconops_pallens,Aedes_OchlerotatusChrysoconops_bimaculatus,0,genbank,,,
195,Aedes_OchlerotatusCulicada_canadensis,,,keep,S2017,,,
196,Aedes_OchlerotatusCulicelsa_mitchellae,,,keep,S2017,,,
197,Aedes_OchlerotatusCulicelsa_nigromaculis,,,keep,S2017,,,
198,Aedes_OchlerotatusCulicelsa_sollicitans,,,keep,S2017,,,
199,Aedes_OchlerotatusCulicelsa_taeniorhynchus,,,keep,S2017,,,
200,Aedes_OchlerotatusEmpihals_vigilax,,,keep,S2017,,,
201,Aedes_OchlerotatusFinlayaSA_candidoscutellum,Aedes_OchlerotatusFinlayaSA_mallochi,Aedes_OchlerotatusFinlayaSA_eatoni,0,S2023,,,
202,Aedes_OchlerotatusFinlayaSA_eatoni,,,keep,S2017,,,
203,Aedes_OchlerotatusFinlayaSA_koreicoides,Aedes_OchlerotatusFinlayaSA_mallochi,Aedes_OchlerotatusFinlayaSA_eatoni,0,genbank,,,
204,Aedes_OchlerotatusFinlayaSA_mallochi,,,keep,S2017,,,
205,Aedes_OchlerotatusFinlayaSA_monocellatus,Aedes_OchlerotatusFinlayaSA_mallochi,Aedes_OchlerotatusFinlayaSA_eatoni,0,S2023,,,
206,Aedes_OchlerotatusFinlayaSA_oreophilus,,,keep,S2017,,,
207,Aedes_OchlerotatusGilesia_aculeatus,Aedes_Ochlerotatus_vittiger,Aedes_Ochlerotatus_sagax,0,S2023,,,
208,Aedes_OchlerotatusJuppius_caballus,Opifex_Opifex_fuscus,Aedes_Ochlerotatus_procax,0,genbank,,,
209,Aedes_OchlerotatusJuppius_juppi,Opifex_Opifex_fuscus,Aedes_Ochlerotatus_procax,0,genbank,,,
210,Aedes_OchlerotatusOchlerotatus_angustivittatus,,,keep,S2017,,,
211,Aedes_OchlerotatusOchlerotatus_crinifer,,,keep,S2017,,,
212,Aedes_OchlerotatusOchlerotatus_euplocamus,Opifex_Opifex_fuscus,Aedes_Ochlerotatus_procax,0,genbank,,,
213,Aedes_OchlerotatusOchlerotatus_infirmatus,,,keep,S2017,,,
214,Aedes_OchlerotatusOchlerotatus_obturbator,,,keep,S2017,,,
215,Aedes_OchlerotatusOchlerotatus_scapularis,,,keep,S2017,,,
216,Aedes_OchlerotatusOchlerotatus_thelcter,,,keep,S2017,,,
217,Aedes_OchlerotatusOchlerotatus_tortilis,,,keep,S2017,,,
218,Aedes_OchlerotatusOchlerotatus_trivittatus,,,keep,S2017,,,
219,Aedes_OchlerotatusPholeomyia_flavifrons,Aedes_Ochlerotatus_vittiger,Aedes_Ochlerotatus_sagax,0,S2023,,,
220,Aedes_OchlerotatusProtoculex_atlanticus,,,keep,S2017,,,
221,Aedes_OchlerotatusProtoculex_dupreei,,,keep,S2017,,,
222,Aedes_OchlerotatusProtoculex_hastatus,Aedes_OchlerotatusProtoculex_atlanticus,Aedes_OchlerotatusProtoculex_pertinax,0,genbank,,,
223,Aedes_OchlerotatusProtoculex_pertinax,,,keep,S2017,,,
224,Aedes_OchlerotatusProtoculex_serratus,Aedes_OchlerotatusProtoculex_atlanticus,Aedes_OchlerotatusProtoculex_pertinax,0,genbank,,,
225,Aedes_OchlerotatusProtoculex_tormentor,,,keep,S2017,,,
226,Aedes_OchlerotatusProtomacleayaSA_brelandi,,,keep,S2017,,,
227,Aedes_OchlerotatusProtomacleayaSA_burgeri,,,keep,S2017,,,
228,Aedes_OchlerotatusProtomacleayaSA_chionotum,Aedes_OchlerotatusProtomacleayaSA_hendersoni,Aedes_OchlerotatusProtomacleayaSA_brelandi,0,genbank,,,
229,Aedes_OchlerotatusProtomacleayaSA_gabriel,Aedes_OchlerotatusProtomacleayaSA_hendersoni,Aedes_OchlerotatusProtomacleayaSA_brelandi,0,genbank,,,
230,Aedes_OchlerotatusProtomacleayaSA_hendersoni,,,keep,S2017,,,
231,Aedes_OchlerotatusProtomacleayaSA_insolitus,Aedes_OchlerotatusProtomacleayaSA_hendersoni,Aedes_OchlerotatusProtomacleayaSA_brelandi,0,genbank,,,
232,Aedes_OchlerotatusProtomacleayaSA_podographicus,Aedes_OchlerotatusProtomacleayaSA_hendersoni,Aedes_OchlerotatusProtomacleayaSA_brelandi,0,genbank,,,
233,Aedes_OchlerotatusProtomacleayaSA_sandrae,Aedes_OchlerotatusProtomacleayaSA_hendersoni,Aedes_OchlerotatusProtomacleayaSA_brelandi,0,genbank,,,
234,Aedes_OchlerotatusProtomacleayaSA_tehuantepec,Aedes_OchlerotatusProtomacleayaSA_hendersoni,Aedes_OchlerotatusProtomacleayaSA_brelandi,0,genbank,,,
235,Aedes_OchlerotatusProtomacleayaSA_terrens,,,keep,S2017,,,
236,Aedes_OchlerotatusProtomacleayaSA_triseriatus,,,keep,S2017,,,
237,Aedes_OchlerotatusProtomacleayaSA_vargasi,Aedes_OchlerotatusProtomacleayaSA_hendersoni,Aedes_OchlerotatusProtomacleayaSA_brelandi,0,genbank,,,
238,Aedes_OchlerotatusProtomacleayaSA_zoosophus,,,keep,S2017,,,
239,Aedes_OchlerotatusPseudoskusea_bancroftianus,,,keep,S2017,,,
240,Aedes_OchlerotatusPseudoskusea_multiplex,Aedes_OchlerotatusPseudoskusea_bancroftianus,Aedes_Ochlerotatus_vittiger,0,S2023,,,
241,Aedes_OchlerotatusReinertiaSA_suffusus,Opifex_Opifex_fuscus,Aedes_Ochlerotatus_procax,0,genbank,,,
242,Aedes_OchlerotatusRusticoidus_bicristatus,,,keep,S2017,,,
243,Aedes_OchlerotatusRusticoidus_provocans,Aedes_OchlerotatusRusticoidus_rusticus,,4,S2017,,,
244,Aedes_OchlerotatusRusticoidus_refiki,Aedes_OchlerotatusRusticoidus_rusticus,,4,S2017,,,
245,Aedes_OchlerotatusRusticoidus_rusticus,,,keep,S2017,,,
246,Aedes_OchlerotatusWoodius_diantaeus,,,keep,S2017,,,
247,Aedes_OchlerotatusWoodius_intrudens,,,keep,S2017,,,
248,Aedes_OrohylomyiaSA_yunnanensis,Opifex_Opifex_fuscus,Aedes_Ochlerotatus_procax,0,genbank,,,
249,Aedes_Paraedes_barraudi,Aedes_Paraedes_collessi,,4,S2017,,,
250,Aedes_Paraedes_collessi,,,keep,S2017,,,
251,Aedes_Patmarksia_palmarum,Aedes_Dobrotworskyius_rubrithorax,Aedes_Dobrotworskyius_alboannulatus,1,S2023,,,
252,Aedes_Petermattinglyius_iyengari,,,keep,S2017,,,
253,Aedes_Phagomyia_assamensis,Aedes_Phagomyia_watasei,,4,S2017,,,
254,Aedes_Phagomyia_khazani,Aedes_Phagomyia_watasei,,4,S2017,,,
255,Aedes_Phagomyia_prominens,Aedes_Phagomyia_watasei,,4,S2017,,,
256,Aedes_Phagomyia_watasei,,,keep,S2017,,,
257,Aedes_Polyleptiomyia_albocephalus,,,keep,S2017,,,
258,Aedes_Rampamyia_notoscriptus,,,keep,S2017,,,
259,Aedes_Rampamyia_quinquelineatus,Aedes_Rampamyia_notoscriptus,,2,S2023,,,
260,Aedes_Rhinoskusea_portonovoensis,Aedes_Rhinoskusea_wardi,,4,S2017,,,
261,Aedes_Rhinoskusea_wardi,,,keep,S2017,,,
262,Aedes_Scutomyia_albolineatus,,,keep,S2017,,,
263,Aedes_Skusea_pembaensis,Aedes_Diceromyia_taylori,Aedes_Cornetius_cozi,0,S2023,,,
264,Aedes_Stegomyia_aegypti,,,keep,S2017,,,
265,Aedes_Stegomyia_africanus,,,keep,S2017,,,
266,Aedes_Stegomyia_albopictus,,,keep,S2017,,,
267,Aedes_Stegomyia_annandalei,,,keep,S2017,,,
268,Aedes_Stegomyia_bromeliae,,,keep,S2017,,,
269,Aedes_Stegomyia_chemulpoensis,Aedes_Stegomyia_albopictus,Aedes_Stegomyia_aegypti,0,genbank,,,
270,Aedes_Stegomyia_contiguus,Aedes_Stegomyia_albopictus,Aedes_Stegomyia_aegypti,0,genbank,,,
271,Aedes_Stegomyia_craggi,,,keep,S2017,,,
272,Aedes_Stegomyia_cretinus,,,keep,S2017,,,
273,Aedes_Stegomyia_daitensis,,,keep,S2017,,,
274,Aedes_Stegomyia_denderensis,,,keep,S2017,,,
275,Aedes_Stegomyia_desmotes,,,keep,S2017,,,
276,Aedes_Stegomyia_downsi,Aedes_Stegomyia_albopictus,Aedes_Stegomyia_aegypti,0,genbank,,,
277,Aedes_Stegomyia_dybasi,,,keep,S2017,,,
278,Aedes_Stegomyia_flavopictus,,,keep,S2017,,,
279,Aedes_Stegomyia_futunae,Aedes_Stegomyia_albopictus,Aedes_Stegomyia_aegypti,0,genbank,,,
280,Aedes_Stegomyia_galloisi,,,keep,S2017,,,
281,Aedes_Stegomyia_hensilli,,,keep,S2017,,,
282,Aedes_Stegomyia_imitator,Aedes_Stegomyia_albopictus,Aedes_Stegomyia_aegypti,0,genbank,,,
283,Aedes_Stegomyia_ledgeri,Aedes_Stegomyia_albopictus,Aedes_Stegomyia_aegypti,0,genbank,,,
284,Aedes_Stegomyia_lilii,,,keep,S2017,,,
285,Aedes_Stegomyia_luteocephalus,,,keep,S2017,,,
286,Aedes_Stegomyia_maehleri,,,keep,S2017,,,
287,Aedes_Stegomyia_malayensis,Aedes_Stegomyia_albopictus,Aedes_Stegomyia_aegypti,0,genbank,,,
288,Aedes_Stegomyia_malikuli,,,keep,S2017,,,
289,Aedes_Stegomyia_mascarensis,,,keep,S2017,,,
290,Aedes_Stegomyia_metallicus,,,keep,S2017,,,
291,Aedes_Stegomyia_miyarai,Aedes_Stegomyia_albopictus,Aedes_Stegomyia_aegypti,0,genbank,,,
292,Aedes_Stegomyia_palauensis,,,keep,S2017,,,
293,Aedes_Stegomyia_pia,,,keep,S2017,,,
294,Aedes_Stegomyia_polynesiensis,,,keep,S2017,,,
295,Aedes_Stegomyia_pseudalbopictus,,,keep,S2017,,,
296,Aedes_Stegomyia_pseudoscutellaris,,,keep,S2017,,,
297,Aedes_Stegomyia_riversi,,,keep,S2017,,,
298,Aedes_Stegomyia_scutellaris,,,keep,S2017,,,
299,Aedes_Stegomyia_simpsoni,,,keep,S2017,,,
300,Aedes_Stegomyia_spMadagascar,Aedes_Stegomyia_mascarensis,Aedes_Stegomyia_aegypti,0,S2023,,,
301,Aedes_Stegomyia_subalbopictus,,,keep,S2017,,,
302,Aedes_Stegomyia_subargenteus,Aedes_Stegomyia_albopictus,Aedes_Stegomyia_aegypti,0,genbank,,,
303,Aedes_Stegomyia_tongae,,,keep,S2017,,,
304,Aedes_Stegomyia_unalom,Aedes_Stegomyia_albopictus,Aedes_Stegomyia_aegypti,0,genbank,,,
305,Aedes_Stegomyia_unilineatus,,,keep,S2017,,,
306,Aedes_Stegomyia_wadai,,,keep,S2017,,,
307,Aedes_Stegomyia_w-albus,,,keep,S2017,,,
308,Aedes_Tanakaius_savoryi,,,keep,S2017,,,
309,Aedes_Tanakaius_togoi,Aedes_Tanakaius_savoryi,,4,S2017,,,
310,Armigeres_Armigeres_aureolineatus,Armigeres_Armigeres_kesseli,Armigeres_Armigeres_subalbatus,0,genbank,,,
311,Armigeres_Armigeres_durhami,,,keep,S2017,,,
312,Armigeres_Armigeres_kesseli,,,keep,S2017,,,
313,Armigeres_Armigeres_malayi,Armigeres_Armigeres_kesseli,,4,S2017,,,
314,Armigeres_Armigeres_obturbans,,,keep,S2017,,,
315,Armigeres_Armigeres_subalbatus,,,keep,S2017,,,
316,Armigeres_Leicesteria_flavus,,,keep,S2017,,,
317,Armigeres_Leicesteria_longipalpis,Armigeres_Leicesteria_flavus,,3,genbank,,,
318,Culex_Culex_quinquefasciatus,,,keep,S2017,,,
319,Eretmapodites_0_chrysogaster,Eretmapodites_0_quinquevittatus,,3,genbank,,,
320,Eretmapodites_0_intermedius,Eretmapodites_0_quinquevittatus,,3,genbank,,,
321,Eretmapodites_0_plioleucus,Eretmapodites_0_quinquevittatus,,3,genbank,,,
322,Eretmapodites_0_quinquevittatus,,,keep,S2017,,,
323,Eretmapodites_0_subsimplicipes,Eretmapodites_0_quinquevittatus,,3,genbank,,,
324,Haemagogus_Conopostegus_leucocelaenus,Haemagogus_Haemagogus_equinus,,4,S2017,,,
325,Haemagogus_Haemagogus_albomaculatus,Haemagogus_Haemagogus_janthinomys,Haemagogus_Haemagogus_equinus,0,genbank,,,
326,Haemagogus_Haemagogus_anastasionis,Haemagogus_Haemagogus_janthinomys,Haemagogus_Haemagogus_equinus,0,genbank,,,
327,Haemagogus_Haemagogus_celeste,Haemagogus_Haemagogus_janthinomys,Haemagogus_Haemagogus_equinus,0,genbank,,,
328,Haemagogus_Haemagogus_chalcospilans,Haemagogus_Haemagogus_janthinomys,Haemagogus_Haemagogus_equinus,0,genbank,,,
329,Haemagogus_Haemagogus_equinus,,,keep,S2017,,,
330,Haemagogus_Haemagogus_iridicolor,Haemagogus_Haemagogus_janthinomys,Haemagogus_Haemagogus_equinus,0,genbank,,,
331,Haemagogus_Haemagogus_janthinomys,Haemagogus_Haemagogus_equinus,,4,S2017,,,
332,Haemagogus_Haemagogus_mesodentatus,Haemagogus_Haemagogus_equinus,,4,S2017,,,
333,Haemagogus_Haemagogus_spegazzinii,Haemagogus_Haemagogus_janthinomys,Haemagogus_Haemagogus_equinus,0,genbank,,,
334,Haemagogus_Haemagogus_tropicalis,Haemagogus_Haemagogus_janthinomys,Haemagogus_Haemagogus_equinus,0,genbank,,,
335,Heizmannia_Heizmannia_chengi,,,keep,S2017,,,
336,Heizmannia_Heizmannia_lii,,,keep,S2017,,,
337,Heizmannia_Heizmannia_menglianensis,,,keep,S2017,,,
338,Heizmannia_Heizmannia_proxima,,,keep,S2017,,,
339,Heizmannia_Heizmannia_reidi,,,keep,S2017,,,
340,Heizmannia_Mattinglyia_discrepans,,,keep,S2017,,,
341,Opifex_Nothoskusea_chathamicus,Opifex_Opifex_fuscus,,3,genbank,,,
342,Opifex_Opifex_fuscus,,,keep,S2017,,,
343,Psorophora_Grabhamia_cingulata,,,keep,S2017,,,
344,Psorophora_Grabhamia_columbiae,,,keep,S2017,,,
345,Psorophora_Grabhamia_confinnis,,,keep,S2017,,,
346,Psorophora_Grabhamia_dimidiata,Psorophora_Grabhamia_columbiae,Psorophora_Grabhamia_insularius,0,genbank,,,
347,Psorophora_Grabhamia_discolor,Psorophora_Grabhamia_columbiae,Psorophora_Grabhamia_insularius,0,S2023,,,
348,Psorophora_Grabhamia_funiculus,Psorophora_Grabhamia_columbiae,Psorophora_Grabhamia_insularius,0,genbank,,,
349,Psorophora_Grabhamia_insularius,,,keep,S2017,,,
350,Psorophora_Grabhamia_jamaicensis,Psorophora_Grabhamia_columbiae,Psorophora_Grabhamia_insularius,0,S2023,,,
351,Psorophora_Grabhamia_paulli,Psorophora_Grabhamia_columbiae,Psorophora_Grabhamia_insularius,0,genbank,,,
352,Psorophora_Grabhamia_pygmaea,,,keep,S2017,,,
353,Psorophora_Grabhamia_signipennis,,,keep,S2017,,,
354,Psorophora_Grabhamia_toltecum,Psorophora_Grabhamia_columbiae,Psorophora_Grabhamia_insularius,0,S2023,,,
355,Psorophora_Grabhamia_varinervis,Psorophora_Grabhamia_columbiae,Psorophora_Grabhamia_insularius,0,genbank,,,
356,Psorophora_Jathinosoma_albigenu,Psorophora_Jathinosoma_horrida,Psorophora_Jathinosoma_ferox,0,S2023,,,
357,Psorophora_Jathinosoma_albipes,Psorophora_Jathinosoma_horrida,Psorophora_Jathinosoma_ferox,0,genbank,,,
358,Psorophora_Jathinosoma_cyanescens,,,keep,S2017,,,
359,Psorophora_Jathinosoma_ferox,,,keep,S2017,,,
360,Psorophora_Jathinosoma_horrida,,,keep,S2017,,,
361,Psorophora_Jathinosoma_longipalpus,,,keep,S2017,,,
362,Psorophora_Jathinosoma_mathesoni,Psorophora_Jathinosoma_horrida,Psorophora_Jathinosoma_ferox,0,S2023,,,
363,Psorophora_Jathinosoma_varipes,Psorophora_Jathinosoma_horrida,Psorophora_Jathinosoma_ferox,0,genbank,,,
364,Psorophora_Psorophora_ciliata,,,keep,S2017,,,
365,Psorophora_Psorophora_howardii,,,keep,S2017,,,
366,Psorophora_Psorophora_saeva,Psorophora_Psorophora_howardii,Psorophora_Psorophora_ciliata,0,S2023,,,
367,Udaya_0_subsimilis,,,keep,S2017,,,
368,Verrallina_Harbachius_nobukonis,,,keep,S2017,,,
369,Verrallina_Neomacleaya_atriisimilis,Verrallina_Neomacleaya_indica,Verrallina_Neomacleaya_pseudomediofasciata,0,genbank,,,
370,Verrallina_Neomacleaya_indica,Verrallina_Harbachius_nobukonis,,4,S2017,,,
371,Verrallina_Neomacleaya_pseudomediofasciata,Verrallina_Harbachius_nobukonis,,4,S2017,,,
372,Verrallina_Verrallina_butleri,Verrallina_Harbachius_nobukonis,,4,S2017,,,
373,Verrallina_Verrallina_carmenti,Verrallina_Verrallina_butleri,Verrallina_Verrallina_lugubris,0,S2023,,,
374,Verrallina_Verrallina_funerea,Verrallina_Verrallina_butleri,Verrallina_Verrallina_lugubris,0,S2023,,,
375,Verrallina_Verrallina_lineata,Verrallina_Verrallina_butleri,Verrallina_Verrallina_lugubris,0,S2023,,,
376,Verrallina_Verrallina_lugubris,Verrallina_Harbachius_nobukonis,,4,S2017,,,
377,Zeugnomyia_0_gracilis,,,keep,S2017,,,